{
  "weapon": "axe",
  "frame_index": 68,
  "phase": "active",
  "anchors": {
    "grip": [
      0.4596281382617709,
      0.5
    ],
    "head": [
      0.6741353207177241,
      0.7097299899270688
    ],
    "butt": [
      0.37382526527938964,
      0.4161080040291725
    ]
  },
  "lines": [
    {
      "start": "butt",
      "end": "head",
      "width": 7,
      "color": [
        180,
        120,
        40
      ]
    },
    {
      "start": "head",
      "end": "grip",
      "width": 11,
      "color": [
        190,
        220,
        230
      ]
    }
  ],
  "arcs": [
    {
      "center": [
        0.54,
        0.54
      ],
      "radius": [
        0.24,
        0.3
      ],
      "start_degrees": -115,
      "end_degrees": 80,
      "width": 6,
      "color": [
        255,
        230,
        120
      ]
    }
  ]
}
