{
  "weapon": "axe",
  "frame_index": 83,
  "phase": "follow_through",
  "anchors": {
    "grip": [
      0.42377701844896637,
      0.5
    ],
    "head": [
      0.43921983157779143,
      0.7996022688877176
    ],
    "butt": [
      0.41759989319743634,
      0.38015909244491297
    ]
  },
  "lines": [
    {
      "start": "butt",
      "end": "head",
      "width": 7,
      "color": [
        180,
        120,
        40
      ]
    },
    {
      "start": "head",
      "end": "grip",
      "width": 11,
      "color": [
        190,
        220,
        230
      ]
    }
  ],
  "arcs": [
    {
      "center": [
        0.54,
        0.54
      ],
      "radius": [
        0.24,
        0.3
      ],
      "start_degrees": -115,
      "end_degrees": 80,
      "width": 6,
      "color": [
        255,
        230,
        120
      ]
    }
  ]
}
