{
  "weapon": "axe",
  "frame_index": 90,
  "phase": "follow_through",
  "anchors": {
    "grip": [
      0.42005487817129983,
      0.5
    ],
    "head": [
      0.332476394773284,
      0.7869320638159902
    ],
    "butt": [
      0.4550862715305062,
      0.38522717447360394
    ]
  },
  "lines": [
    {
      "start": "butt",
      "end": "head",
      "width": 7,
      "color": [
        180,
        120,
        40
      ]
    },
    {
      "start": "head",
      "end": "grip",
      "width": 11,
      "color": [
        190,
        220,
        230
      ]
    }
  ],
  "arcs": [
    {
      "center": [
        0.54,
        0.54
      ],
      "radius": [
        0.24,
        0.3
      ],
      "start_degrees": -115,
      "end_degrees": 80,
      "width": 6,
      "color": [
        255,
        230,
        120
      ]
    }
  ]
}
