{
  "weapon": "axe",
  "frame_index": 55,
  "phase": "active",
  "anchors": {
    "grip": [
      0.506475913505859,
      0.5
    ],
    "head": [
      0.804008897032993,
      0.5383943187651783
    ],
    "butt": [
      0.3874627200950053,
      0.48464227249392866
    ]
  },
  "lines": [
    {
      "start": "butt",
      "end": "head",
      "width": 7,
      "color": [
        180,
        120,
        40
      ]
    },
    {
      "start": "head",
      "end": "grip",
      "width": 11,
      "color": [
        190,
        220,
        230
      ]
    }
  ],
  "arcs": [
    {
      "center": [
        0.54,
        0.54
      ],
      "radius": [
        0.24,
        0.3
      ],
      "start_degrees": -115,
      "end_degrees": 80,
      "width": 6,
      "color": [
        255,
        230,
        120
      ]
    }
  ]
}
