{
  "weapon": "axe",
  "frame_index": 58,
  "phase": "active",
  "anchors": {
    "grip": [
      0.4955381929745397,
      0.5
    ],
    "head": [
      0.7840722871310744,
      0.5821466767999045
    ],
    "butt": [
      0.38012455531192585,
      0.4671413292800382
    ]
  },
  "lines": [
    {
      "start": "butt",
      "end": "head",
      "width": 7,
      "color": [
        180,
        120,
        40
      ]
    },
    {
      "start": "head",
      "end": "grip",
      "width": 11,
      "color": [
        190,
        220,
        230
      ]
    }
  ],
  "arcs": [
    {
      "center": [
        0.54,
        0.54
      ],
      "radius": [
        0.24,
        0.3
      ],
      "start_degrees": -115,
      "end_degrees": 80,
      "width": 6,
      "color": [
        255,
        230,
        120
      ]
    }
  ]
}
