{
  "weapon": "axe",
  "frame_index": 85,
  "phase": "follow_through",
  "anchors": {
    "grip": [
      0.42175504614727233,
      0.5
    ],
    "head": [
      0.40740378481331957,
      0.7996565388876482
    ],
    "butt": [
      0.42749555068085343,
      0.3801373844449407
    ]
  },
  "lines": [
    {
      "start": "butt",
      "end": "head",
      "width": 7,
      "color": [
        180,
        120,
        40
      ]
    },
    {
      "start": "head",
      "end": "grip",
      "width": 11,
      "color": [
        190,
        220,
        230
      ]
    }
  ],
  "arcs": [
    {
      "center": [
        0.54,
        0.54
      ],
      "radius": [
        0.24,
        0.3
      ],
      "start_degrees": -115,
      "end_degrees": 80,
      "width": 6,
      "color": [
        255,
        230,
        120
      ]
    }
  ]
}
