{
  "weapon": "axe",
  "frame_index": 92,
  "phase": "follow_through",
  "anchors": {
    "grip": [
      0.4207366074292766,
      0.5
    ],
    "head": [
      0.3051288836169013,
      0.7768300095634892
    ],
    "butt": [
      0.4669796969542267,
      0.3892679961746043
    ]
  },
  "lines": [
    {
      "start": "butt",
      "end": "head",
      "width": 7,
      "color": [
        180,
        120,
        40
      ]
    },
    {
      "start": "head",
      "end": "grip",
      "width": 11,
      "color": [
        190,
        220,
        230
      ]
    }
  ],
  "arcs": [
    {
      "center": [
        0.54,
        0.54
      ],
      "radius": [
        0.24,
        0.3
      ],
      "start_degrees": -115,
      "end_degrees": 80,
      "width": 6,
      "color": [
        255,
        230,
        120
      ]
    }
  ]
}
