{
  "weapon": "axe",
  "frame_index": 52,
  "phase": "active",
  "anchors": {
    "grip": [
      0.5170011096921846,
      0.5
    ],
    "head": [
      0.816936845464512,
      0.4937907805069709
    ],
    "butt": [
      0.3970268153832537,
      0.5024836877972116
    ]
  },
  "lines": [
    {
      "start": "butt",
      "end": "head",
      "width": 7,
      "color": [
        180,
        120,
        40
      ]
    },
    {
      "start": "head",
      "end": "grip",
      "width": 11,
      "color": [
        190,
        220,
        230
      ]
    }
  ],
  "arcs": [
    {
      "center": [
        0.54,
        0.54
      ],
      "radius": [
        0.24,
        0.3
      ],
      "start_degrees": -115,
      "end_degrees": 80,
      "width": 6,
      "color": [
        255,
        230,
        120
      ]
    }
  ]
}
