{
  "weapon": "axe",
  "frame_index": 57,
  "phase": "active",
  "anchors": {
    "grip": [
      0.4992131689880575,
      0.5
    ],
    "head": [
      0.7914704562769553,
      0.5677176345314471
    ],
    "butt": [
      0.3823102540724984,
      0.4729129461874212
    ]
  },
  "lines": [
    {
      "start": "butt",
      "end": "head",
      "width": 7,
      "color": [
        180,
        120,
        40
      ]
    },
    {
      "start": "head",
      "end": "grip",
      "width": 11,
      "color": [
        190,
        220,
        230
      ]
    }
  ],
  "arcs": [
    {
      "center": [
        0.54,
        0.54
      ],
      "radius": [
        0.24,
        0.3
      ],
      "start_degrees": -115,
      "end_degrees": 80,
      "width": 6,
      "color": [
        255,
        230,
        120
      ]
    }
  ]
}
