{
  "weapon": "axe",
  "frame_index": 48,
  "phase": "active",
  "anchors": {
    "grip": [
      0.5299398325846209,
      0.5
    ],
    "head": [
      0.8227477678435978,
      0.4347044178418268
    ],
    "butt": [
      0.41281665848103005,
      0.5261182328632693
    ]
  },
  "lines": [
    {
      "start": "butt",
      "end": "head",
      "width": 7,
      "color": [
        180,
        120,
        40
      ]
    },
    {
      "start": "head",
      "end": "grip",
      "width": 11,
      "color": [
        190,
        220,
        230
      ]
    }
  ],
  "arcs": [
    {
      "center": [
        0.54,
        0.54
      ],
      "radius": [
        0.24,
        0.3
      ],
      "start_degrees": -115,
      "end_degrees": 80,
      "width": 6,
      "color": [
        255,
        230,
        120
      ]
    }
  ]
}
