{
  "weapon": "axe",
  "frame_index": 69,
  "phase": "active",
  "anchors": {
    "grip": [
      0.45634203804179485,
      0.5
    ],
    "head": [
      0.6601700553134957,
      0.7201230096448057
    ],
    "butt": [
      0.37481083113311453,
      0.41195079614207775
    ]
  },
  "lines": [
    {
      "start": "butt",
      "end": "head",
      "width": 7,
      "color": [
        180,
        120,
        40
      ]
    },
    {
      "start": "head",
      "end": "grip",
      "width": 11,
      "color": [
        190,
        220,
        230
      ]
    }
  ],
  "arcs": [
    {
      "center": [
        0.54,
        0.54
      ],
      "radius": [
        0.24,
        0.3
      ],
      "start_degrees": -115,
      "end_degrees": 80,
      "width": 6,
      "color": [
        255,
        230,
        120
      ]
    }
  ]
}
