{
  "weapon": "axe",
  "frame_index": 59,
  "phase": "active",
  "anchors": {
    "grip": [
      0.49184778102388854,
      0.5
    ],
    "head": [
      0.775946774093905,
      0.596373036356663
    ],
    "butt": [
      0.37820818379588195,
      0.46145078545733476
    ]
  },
  "lines": [
    {
      "start": "butt",
      "end": "head",
      "width": 7,
      "color": [
        180,
        120,
        40
      ]
    },
    {
      "start": "head",
      "end": "grip",
      "width": 11,
      "color": [
        190,
        220,
        230
      ]
    }
  ],
  "arcs": [
    {
      "center": [
        0.54,
        0.54
      ],
      "radius": [
        0.24,
        0.3
      ],
      "start_degrees": -115,
      "end_degrees": 80,
      "width": 6,
      "color": [
        255,
        230,
        120
      ]
    }
  ]
}
