{
  "weapon": "axe",
  "frame_index": 89,
  "phase": "follow_through",
  "anchors": {
    "grip": [
      0.42000609828293123,
      0.5
    ],
    "head": [
      0.3467838063574475,
      0.7909269598459023
    ],
    "butt": [
      0.44929501505312475,
      0.3836292160616391
    ]
  },
  "lines": [
    {
      "start": "butt",
      "end": "head",
      "width": 7,
      "color": [
        180,
        120,
        40
      ]
    },
    {
      "start": "head",
      "end": "grip",
      "width": 11,
      "color": [
        190,
        220,
        230
      ]
    }
  ],
  "arcs": [
    {
      "center": [
        0.54,
        0.54
      ],
      "radius": [
        0.24,
        0.3
      ],
      "start_degrees": -115,
      "end_degrees": 80,
      "width": 6,
      "color": [
        255,
        230,
        120
      ]
    }
  ]
}
