{
  "weapon": "axe",
  "frame_index": 82,
  "phase": "follow_through",
  "anchors": {
    "grip": [
      0.42506640724716366,
      0.5
    ],
    "head": [
      0.45536748100249785,
      0.7984658186949953
    ],
    "butt": [
      0.41294597774503,
      0.3806136725220019
    ]
  },
  "lines": [
    {
      "start": "butt",
      "end": "head",
      "width": 7,
      "color": [
        180,
        120,
        40
      ]
    },
    {
      "start": "head",
      "end": "grip",
      "width": 11,
      "color": [
        190,
        220,
        230
      ]
    }
  ],
  "arcs": [
    {
      "center": [
        0.54,
        0.54
      ],
      "radius": [
        0.24,
        0.3
      ],
      "start_degrees": -115,
      "end_degrees": 80,
      "width": 6,
      "color": [
        255,
        230,
        120
      ]
    }
  ]
}
