{
  "weapon": "axe",
  "frame_index": 51,
  "phase": "active",
  "anchors": {
    "grip": [
      0.520371861738229,
      0.5
    ],
    "head": [
      0.8196292473197935,
      0.4789045698103396
    ],
    "butt": [
      0.40066890750560324,
      0.5084381720758642
    ]
  },
  "lines": [
    {
      "start": "butt",
      "end": "head",
      "width": 7,
      "color": [
        180,
        120,
        40
      ]
    },
    {
      "start": "head",
      "end": "grip",
      "width": 11,
      "color": [
        190,
        220,
        230
      ]
    }
  ],
  "arcs": [
    {
      "center": [
        0.54,
        0.54
      ],
      "radius": [
        0.24,
        0.3
      ],
      "start_degrees": -115,
      "end_degrees": 80,
      "width": 6,
      "color": [
        255,
        230,
        120
      ]
    }
  ]
}
