{
  "weapon": "axe",
  "frame_index": 84,
  "phase": "follow_through",
  "anchors": {
    "grip": [
      0.42267220497790264,
      0.5
    ],
    "head": [
      0.4232186550107924,
      0.7999995023201898
    ],
    "butt": [
      0.42245362496474675,
      0.3800001990719241
    ]
  },
  "lines": [
    {
      "start": "butt",
      "end": "head",
      "width": 7,
      "color": [
        180,
        120,
        40
      ]
    },
    {
      "start": "head",
      "end": "grip",
      "width": 11,
      "color": [
        190,
        220,
        230
      ]
    }
  ],
  "arcs": [
    {
      "center": [
        0.54,
        0.54
      ],
      "radius": [
        0.24,
        0.3
      ],
      "start_degrees": -115,
      "end_degrees": 80,
      "width": 6,
      "color": [
        255,
        230,
        120
      ]
    }
  ]
}
