{
  "weapon": "axe",
  "frame_index": 56,
  "phase": "active",
  "anchors": {
    "grip": [
      0.5028624662471599,
      0.5
    ],
    "head": [
      0.7981218523794118,
      0.5531215107165244
    ],
    "butt": [
      0.3847587117942592,
      0.4787513957133902
    ]
  },
  "lines": [
    {
      "start": "butt",
      "end": "head",
      "width": 7,
      "color": [
        180,
        120,
        40
      ]
    },
    {
      "start": "head",
      "end": "grip",
      "width": 11,
      "color": [
        190,
        220,
        230
      ]
    }
  ],
  "arcs": [
    {
      "center": [
        0.54,
        0.54
      ],
      "radius": [
        0.24,
        0.3
      ],
      "start_degrees": -115,
      "end_degrees": 80,
      "width": 6,
      "color": [
        255,
        230,
        120
      ]
    }
  ]
}
