{
  "weapon": "axe",
  "frame_index": 78,
  "phase": "follow_through",
  "anchors": {
    "grip": [
      0.43199034404142267,
      0.5
    ],
    "head": [
      0.5206135381300049,
      0.7866111119086932
    ],
    "butt": [
      0.3965410664059898,
      0.3853555552365227
    ]
  },
  "lines": [
    {
      "start": "butt",
      "end": "head",
      "width": 7,
      "color": [
        180,
        120,
        40
      ]
    },
    {
      "start": "head",
      "end": "grip",
      "width": 11,
      "color": [
        190,
        220,
        230
      ]
    }
  ],
  "arcs": [
    {
      "center": [
        0.54,
        0.54
      ],
      "radius": [
        0.24,
        0.3
      ],
      "start_degrees": -115,
      "end_degrees": 80,
      "width": 6,
      "color": [
        255,
        230,
        120
      ]
    }
  ]
}
