{
  "weapon": "axe",
  "frame_index": 91,
  "phase": "follow_through",
  "anchors": {
    "grip": [
      0.42029860765934757,
      0.5
    ],
    "head": [
      0.31858001754344945,
      0.7822292125645995
    ],
    "butt": [
      0.46098604370570684,
      0.3871083149741602
    ]
  },
  "lines": [
    {
      "start": "butt",
      "end": "head",
      "width": 7,
      "color": [
        180,
        120,
        40
      ]
    },
    {
      "start": "head",
      "end": "grip",
      "width": 11,
      "color": [
        190,
        220,
        230
      ]
    }
  ],
  "arcs": [
    {
      "center": [
        0.54,
        0.54
      ],
      "radius": [
        0.24,
        0.3
      ],
      "start_degrees": -115,
      "end_degrees": 80,
      "width": 6,
      "color": [
        255,
        230,
        120
      ]
    }
  ]
}
