{
  "weapon": "axe",
  "frame_index": 53,
  "phase": "active",
  "anchors": {
    "grip": [
      0.5135551007105917,
      0.5
    ],
    "head": [
      0.8134291471415919,
      0.5086923113783608
    ],
    "butt": [
      0.3936054821381917,
      0.4965230754486557
    ]
  },
  "lines": [
    {
      "start": "butt",
      "end": "head",
      "width": 7,
      "color": [
        180,
        120,
        40
      ]
    },
    {
      "start": "head",
      "end": "grip",
      "width": 11,
      "color": [
        190,
        220,
        230
      ]
    }
  ],
  "arcs": [
    {
      "center": [
        0.54,
        0.54
      ],
      "radius": [
        0.24,
        0.3
      ],
      "start_degrees": -115,
      "end_degrees": 80,
      "width": 6,
      "color": [
        255,
        230,
        120
      ]
    }
  ]
}
