{
  "weapon": "axe",
  "frame_index": 60,
  "phase": "active",
  "anchors": {
    "grip": [
      0.48815221897611144,
      0.5
    ],
    "head": [
      0.7671151458500091,
      0.6103616121210108
    ],
    "butt": [
      0.3765670482265524,
      0.4558553551515957
    ]
  },
  "lines": [
    {
      "start": "butt",
      "end": "head",
      "width": 7,
      "color": [
        180,
        120,
        40
      ]
    },
    {
      "start": "head",
      "end": "grip",
      "width": 11,
      "color": [
        190,
        220,
        230
      ]
    }
  ],
  "arcs": [
    {
      "center": [
        0.54,
        0.54
      ],
      "radius": [
        0.24,
        0.3
      ],
      "start_degrees": -115,
      "end_degrees": 80,
      "width": 6,
      "color": [
        255,
        230,
        120
      ]
    }
  ]
}
