{
  "weapon": "axe",
  "frame_index": 86,
  "phase": "follow_through",
  "anchors": {
    "grip": [
      0.42102809824323517,
      0.5
    ],
    "head": [
      0.39181453479667616,
      0.7985742247930216
    ],
    "butt": [
      0.4327135236218588,
      0.3805703100827913
    ]
  },
  "lines": [
    {
      "start": "butt",
      "end": "head",
      "width": 7,
      "color": [
        180,
        120,
        40
      ]
    },
    {
      "start": "head",
      "end": "grip",
      "width": 11,
      "color": [
        190,
        220,
        230
      ]
    }
  ],
  "arcs": [
    {
      "center": [
        0.54,
        0.54
      ],
      "radius": [
        0.24,
        0.3
      ],
      "start_degrees": -115,
      "end_degrees": 80,
      "width": 6,
      "color": [
        255,
        230,
        120
      ]
    }
  ]
}
