{
  "weapon": "axe",
  "frame_index": 71,
  "phase": "follow_through",
  "anchors": {
    "grip": [
      0.45006016741537913,
      0.5
    ],
    "head": [
      0.6310487130584845,
      0.7392553998261974
    ],
    "butt": [
      0.37766474915813697,
      0.4042978400695211
    ]
  },
  "lines": [
    {
      "start": "butt",
      "end": "head",
      "width": 7,
      "color": [
        180,
        120,
        40
      ]
    },
    {
      "start": "head",
      "end": "grip",
      "width": 11,
      "color": [
        190,
        220,
        230
      ]
    }
  ],
  "arcs": [
    {
      "center": [
        0.54,
        0.54
      ],
      "radius": [
        0.24,
        0.3
      ],
      "start_degrees": -115,
      "end_degrees": 80,
      "width": 6,
      "color": [
        255,
        230,
        120
      ]
    }
  ]
}
