{
  "weapon": "axe",
  "frame_index": 76,
  "phase": "follow_through",
  "anchors": {
    "grip": [
      0.43644293933930844,
      0.5
    ],
    "head": [
      0.5530583861231053,
      0.7764070143310684
    ],
    "butt": [
      0.3897967606257897,
      0.3894371942675727
    ]
  },
  "lines": [
    {
      "start": "butt",
      "end": "head",
      "width": 7,
      "color": [
        180,
        120,
        40
      ]
    },
    {
      "start": "head",
      "end": "grip",
      "width": 11,
      "color": [
        190,
        220,
        230
      ]
    }
  ],
  "arcs": [
    {
      "center": [
        0.54,
        0.54
      ],
      "radius": [
        0.24,
        0.3
      ],
      "start_degrees": -115,
      "end_degrees": 80,
      "width": 6,
      "color": [
        255,
        230,
        120
      ]
    }
  ]
}
