{
  "weapon": "axe",
  "frame_index": 67,
  "phase": "active",
  "anchors": {
    "grip": [
      0.46299889030781544,
      0.5
    ],
    "head": [
      0.6876559785900924,
      0.698819497747402
    ],
    "butt": [
      0.37313605499490465,
      0.4204722009010392
    ]
  },
  "lines": [
    {
      "start": "butt",
      "end": "head",
      "width": 7,
      "color": [
        180,
        120,
        40
      ]
    },
    {
      "start": "head",
      "end": "grip",
      "width": 11,
      "color": [
        190,
        220,
        230
      ]
    }
  ],
  "arcs": [
    {
      "center": [
        0.54,
        0.54
      ],
      "radius": [
        0.24,
        0.3
      ],
      "start_degrees": -115,
      "end_degrees": 80,
      "width": 6,
      "color": [
        255,
        230,
        120
      ]
    }
  ]
}
