{
  "weapon": "axe",
  "frame_index": 81,
  "phase": "follow_through",
  "anchors": {
    "grip": [
      0.4265367776146531,
      0.5
    ],
    "head": [
      0.4716213493398027,
      0.796592955736241
    ],
    "butt": [
      0.4085029489245932,
      0.3813628177055036
    ]
  },
  "lines": [
    {
      "start": "butt",
      "end": "head",
      "width": 7,
      "color": [
        180,
        120,
        40
      ]
    },
    {
      "start": "head",
      "end": "grip",
      "width": 11,
      "color": [
        190,
        220,
        230
      ]
    }
  ],
  "arcs": [
    {
      "center": [
        0.54,
        0.54
      ],
      "radius": [
        0.24,
        0.3
      ],
      "start_degrees": -115,
      "end_degrees": 80,
      "width": 6,
      "color": [
        255,
        230,
        120
      ]
    }
  ]
}
