{
  "weapon": "axe",
  "frame_index": 66,
  "phase": "active",
  "anchors": {
    "grip": [
      0.46644489928940824,
      0.5
    ],
    "head": [
      0.700697590903626,
      0.6874184528574873
    ],
    "butt": [
      0.37274382264372113,
      0.42503261885700505
    ]
  },
  "lines": [
    {
      "start": "butt",
      "end": "head",
      "width": 7,
      "color": [
        180,
        120,
        40
      ]
    },
    {
      "start": "head",
      "end": "grip",
      "width": 11,
      "color": [
        190,
        220,
        230
      ]
    }
  ],
  "arcs": [
    {
      "center": [
        0.54,
        0.54
      ],
      "radius": [
        0.24,
        0.3
      ],
      "start_degrees": -115,
      "end_degrees": 80,
      "width": 6,
      "color": [
        255,
        230,
        120
      ]
    }
  ]
}
