{
  "weapon": "axe",
  "frame_index": 61,
  "phase": "active",
  "anchors": {
    "grip": [
      0.4844618070254603,
      0.5
    ],
    "head": [
      0.7576003749483172,
      0.6240778897026013
    ],
    "butt": [
      0.37520637985631755,
      0.4503688441189595
    ]
  },
  "lines": [
    {
      "start": "butt",
      "end": "head",
      "width": 7,
      "color": [
        180,
        120,
        40
      ]
    },
    {
      "start": "head",
      "end": "grip",
      "width": 11,
      "color": [
        190,
        220,
        230
      ]
    }
  ],
  "arcs": [
    {
      "center": [
        0.54,
        0.54
      ],
      "radius": [
        0.24,
        0.3
      ],
      "start_degrees": -115,
      "end_degrees": 80,
      "width": 6,
      "color": [
        255,
        230,
        120
      ]
    }
  ]
}
