{
  "weapon": "axe",
  "frame_index": 63,
  "phase": "active",
  "anchors": {
    "grip": [
      0.47713753375284007,
      0.5
    ],
    "head": [
      0.7366216506870108,
      0.6505589355000014
    ],
    "butt": [
      0.37334388697917176,
      0.4397764257999994
    ]
  },
  "lines": [
    {
      "start": "butt",
      "end": "head",
      "width": 7,
      "color": [
        180,
        120,
        40
      ]
    },
    {
      "start": "head",
      "end": "grip",
      "width": 11,
      "color": [
        190,
        220,
        230
      ]
    }
  ],
  "arcs": [
    {
      "center": [
        0.54,
        0.54
      ],
      "radius": [
        0.24,
        0.3
      ],
      "start_degrees": -115,
      "end_degrees": 80,
      "width": 6,
      "color": [
        255,
        230,
        120
      ]
    }
  ]
}
