{
  "weapon": "axe",
  "frame_index": 88,
  "phase": "follow_through",
  "anchors": {
    "grip": [
      0.4201524039525396,
      0.5
    ],
    "head": [
      0.3614669668357376,
      0.7942040439395928
    ],
    "butt": [
      0.44362657879926043,
      0.3823183824241629
    ]
  },
  "lines": [
    {
      "start": "butt",
      "end": "head",
      "width": 7,
      "color": [
        180,
        120,
        40
      ]
    },
    {
      "start": "head",
      "end": "grip",
      "width": 11,
      "color": [
        190,
        220,
        230
      ]
    }
  ],
  "arcs": [
    {
      "center": [
        0.54,
        0.54
      ],
      "radius": [
        0.24,
        0.3
      ],
      "start_degrees": -115,
      "end_degrees": 80,
      "width": 6,
      "color": [
        255,
        230,
        120
      ]
    }
  ]
}
