{
  "weapon": "axe",
  "frame_index": 50,
  "phase": "active",
  "anchors": {
    "grip": [
      0.5236579619582051,
      0.5
    ],
    "head": [
      0.8214986315286418,
      0.4640704084376962
    ],
    "butt": [
      0.4045216941300305,
      0.5143718366249215
    ]
  },
  "lines": [
    {
      "start": "butt",
      "end": "head",
      "width": 7,
      "color": [
        180,
        120,
        40
      ]
    },
    {
      "start": "head",
      "end": "grip",
      "width": 11,
      "color": [
        190,
        220,
        230
      ]
    }
  ],
  "arcs": [
    {
      "center": [
        0.54,
        0.54
      ],
      "radius": [
        0.24,
        0.3
      ],
      "start_degrees": -115,
      "end_degrees": 80,
      "width": 6,
      "color": [
        255,
        230,
        120
      ]
    }
  ]
}
