{
  "weapon": "axe",
  "frame_index": 47,
  "phase": "active",
  "anchors": {
    "grip": [
      0.5329180942909276,
      0.5
    ],
    "head": [
      0.822122428650705,
      0.42024504411938984
    ],
    "butt": [
      0.4172363605470167,
      0.5319019823522441
    ]
  },
  "lines": [
    {
      "start": "butt",
      "end": "head",
      "width": 7,
      "color": [
        180,
        120,
        40
      ]
    },
    {
      "start": "head",
      "end": "grip",
      "width": 11,
      "color": [
        190,
        220,
        230
      ]
    }
  ],
  "arcs": [
    {
      "center": [
        0.54,
        0.54
      ],
      "radius": [
        0.24,
        0.3
      ],
      "start_degrees": -115,
      "end_degrees": 80,
      "width": 6,
      "color": [
        255,
        230,
        120
      ]
    }
  ]
}
