{
  "weapon": "axe",
  "frame_index": 64,
  "phase": "active",
  "anchors": {
    "grip": [
      0.473524086494141,
      0.5
    ],
    "head": [
      0.7252118013859403,
      0.6632583663171489
    ],
    "butt": [
      0.3728490005374213,
      0.43469665347314046
    ]
  },
  "lines": [
    {
      "start": "butt",
      "end": "head",
      "width": 7,
      "color": [
        180,
        120,
        40
      ]
    },
    {
      "start": "head",
      "end": "grip",
      "width": 11,
      "color": [
        190,
        220,
        230
      ]
    }
  ],
  "arcs": [
    {
      "center": [
        0.54,
        0.54
      ],
      "radius": [
        0.24,
        0.3
      ],
      "start_degrees": -115,
      "end_degrees": 80,
      "width": 6,
      "color": [
        255,
        230,
        120
      ]
    }
  ]
}
