{
  "weapon": "axe",
  "frame_index": 65,
  "phase": "active",
  "anchors": {
    "grip": [
      0.46995656056145213,
      0.5
    ],
    "head": [
      0.7132268775222714,
      0.6755549853629412
    ],
    "butt": [
      0.3726484337771244,
      0.4297780058548235
    ]
  },
  "lines": [
    {
      "start": "butt",
      "end": "head",
      "width": 7,
      "color": [
        180,
        120,
        40
      ]
    },
    {
      "start": "head",
      "end": "grip",
      "width": 11,
      "color": [
        190,
        220,
        230
      ]
    }
  ],
  "arcs": [
    {
      "center": [
        0.54,
        0.54
      ],
      "radius": [
        0.24,
        0.3
      ],
      "start_degrees": -115,
      "end_degrees": 80,
      "width": 6,
      "color": [
        255,
        230,
        120
      ]
    }
  ]
}
