{
  "weapon": "axe",
  "frame_index": 80,
  "phase": "follow_through",
  "anchors": {
    "grip": [
      0.42818403136549943,
      0.5
    ],
    "head": [
      0.4879408626804227,
      0.7939883009767562
    ],
    "butt": [
      0.4042812988395301,
      0.3824046796092975
    ]
  },
  "lines": [
    {
      "start": "butt",
      "end": "head",
      "width": 7,
      "color": [
        180,
        120,
        40
      ]
    },
    {
      "start": "head",
      "end": "grip",
      "width": 11,
      "color": [
        190,
        220,
        230
      ]
    }
  ],
  "arcs": [
    {
      "center": [
        0.54,
        0.54
      ],
      "radius": [
        0.24,
        0.3
      ],
      "start_degrees": -115,
      "end_degrees": 80,
      "width": 6,
      "color": [
        255,
        230,
        120
      ]
    }
  ]
}
