{
  "weapon": "axe",
  "frame_index": 77,
  "phase": "follow_through",
  "anchors": {
    "grip": [
      0.43413879409038325,
      0.5
    ],
    "head": [
      0.5368848686072656,
      0.7818567795377136
    ],
    "butt": [
      0.3930403642836303,
      0.38725728818491456
    ]
  },
  "lines": [
    {
      "start": "butt",
      "end": "head",
      "width": 7,
      "color": [
        180,
        120,
        40
      ]
    },
    {
      "start": "head",
      "end": "grip",
      "width": 11,
      "color": [
        190,
        220,
        230
      ]
    }
  ],
  "arcs": [
    {
      "center": [
        0.54,
        0.54
      ],
      "radius": [
        0.24,
        0.3
      ],
      "start_degrees": -115,
      "end_degrees": 80,
      "width": 6,
      "color": [
        255,
        230,
        120
      ]
    }
  ]
}
