{
  "weapon": "axe",
  "frame_index": 54,
  "phase": "active",
  "anchors": {
    "grip": [
      0.5100434394385479,
      0.5
    ],
    "head": [
      0.8091159092039066,
      0.5235723954753982
    ],
    "butt": [
      0.3904144515324044,
      0.4905710418098407
    ]
  },
  "lines": [
    {
      "start": "butt",
      "end": "head",
      "width": 7,
      "color": [
        180,
        120,
        40
      ]
    },
    {
      "start": "head",
      "end": "grip",
      "width": 11,
      "color": [
        190,
        220,
        230
      ]
    }
  ],
  "arcs": [
    {
      "center": [
        0.54,
        0.54
      ],
      "radius": [
        0.24,
        0.3
      ],
      "start_degrees": -115,
      "end_degrees": 80,
      "width": 6,
      "color": [
        255,
        230,
        120
      ]
    }
  ]
}
