{
  "weapon": "sword",
  "frame_index": 80,
  "phase": "follow_through",
  "anchors": {
    "main_hand": [
      0.4205223260413564,
      0.46123149819051734
    ],
    "blade_tip": [
      0.4224943103737228,
      0.8012257794332949
    ],
    "pommel": [
      0.42017432880623296,
      0.40123250738296834
    ]
  },
  "lines": [
    {
      "start": "pommel",
      "end": "blade_tip",
      "width": 7,
      "color": [
        0,
        240,
        255
      ]
    }
  ],
  "arcs": [
    {
      "center": [
        0.52,
        0.48
      ],
      "radius": [
        0.26,
        0.24
      ],
      "start_degrees": -130,
      "end_degrees": 90,
      "width": 5,
      "color": [
        0,
        150,
        255
      ]
    }
  ]
}
