{
  "weapon": "sword",
  "frame_index": 51,
  "phase": "active",
  "anchors": {
    "main_hand": [
      0.5390495365205803,
      0.44396124528390324
    ],
    "blade_tip": [
      0.8562454145211396,
      0.3215407609708018
    ],
    "pommel": [
      0.483073793344011,
      0.46556486016268583
    ]
  },
  "lines": [
    {
      "start": "pommel",
      "end": "blade_tip",
      "width": 7,
      "color": [
        0,
        240,
        255
      ]
    }
  ],
  "arcs": [
    {
      "center": [
        0.52,
        0.48
      ],
      "radius": [
        0.26,
        0.24
      ],
      "start_degrees": -130,
      "end_degrees": 90,
      "width": 5,
      "color": [
        0,
        150,
        255
      ]
    }
  ]
}
