{
  "weapon": "sword",
  "frame_index": 75,
  "phase": "follow_through",
  "anchors": {
    "main_hand": [
      0.4342953170713037,
      0.452664337438938
    ],
    "blade_tip": [
      0.5474028332005754,
      0.773299160555621
    ],
    "pommel": [
      0.4143351671661381,
      0.3960817215948175
    ]
  },
  "lines": [
    {
      "start": "pommel",
      "end": "blade_tip",
      "width": 7,
      "color": [
        0,
        240,
        255
      ]
    }
  ],
  "arcs": [
    {
      "center": [
        0.52,
        0.48
      ],
      "radius": [
        0.26,
        0.24
      ],
      "start_degrees": -130,
      "end_degrees": 90,
      "width": 5,
      "color": [
        0,
        150,
        255
      ]
    }
  ]
}
