{
  "weapon": "sword",
  "frame_index": 78,
  "phase": "follow_through",
  "anchors": {
    "main_hand": [
      0.42541615662468635,
      0.45761283300862765
    ],
    "blade_tip": [
      0.47256890462404644,
      0.7943272793219821
    ],
    "pommel": [
      0.4170950834483287,
      0.3981926366003886
    ]
  },
  "lines": [
    {
      "start": "pommel",
      "end": "blade_tip",
      "width": 7,
      "color": [
        0,
        240,
        255
      ]
    }
  ],
  "arcs": [
    {
      "center": [
        0.52,
        0.48
      ],
      "radius": [
        0.26,
        0.24
      ],
      "start_degrees": -130,
      "end_degrees": 90,
      "width": 5,
      "color": [
        0,
        150,
        255
      ]
    }
  ]
}
