{
  "weapon": "sword",
  "frame_index": 90,
  "phase": "follow_through",
  "anchors": {
    "main_hand": [
      0.4100705576488141,
      0.48158358233705073
    ],
    "blade_tip": [
      0.2150545692894584,
      0.7600952773953079
    ],
    "pommel": [
      0.44448514382987686,
      0.4324344596797112
    ]
  },
  "lines": [
    {
      "start": "pommel",
      "end": "blade_tip",
      "width": 7,
      "color": [
        0,
        240,
        255
      ]
    }
  ],
  "arcs": [
    {
      "center": [
        0.52,
        0.48
      ],
      "radius": [
        0.26,
        0.24
      ],
      "start_degrees": -130,
      "end_degrees": 90,
      "width": 5,
      "color": [
        0,
        150,
        255
      ]
    }
  ]
}
