{
  "weapon": "sword",
  "frame_index": 47,
  "phase": "active",
  "anchors": {
    "main_hand": [
      0.5551804069454783,
      0.44840027288965645
    ],
    "blade_tip": [
      0.8289050832218676,
      0.24672032446298237
    ],
    "pommel": [
      0.5068760523084684,
      0.4839908520237754
    ]
  },
  "lines": [
    {
      "start": "pommel",
      "end": "blade_tip",
      "width": 7,
      "color": [
        0,
        240,
        255
      ]
    }
  ],
  "arcs": [
    {
      "center": [
        0.52,
        0.48
      ],
      "radius": [
        0.26,
        0.24
      ],
      "start_degrees": -130,
      "end_degrees": 90,
      "width": 5,
      "color": [
        0,
        150,
        255
      ]
    }
  ]
}
