{
  "weapon": "sword",
  "frame_index": 66,
  "phase": "active",
  "anchors": {
    "main_hand": [
      0.4697148705149535,
      0.4423326819274315
    ],
    "blade_tip": [
      0.7441102897849962,
      0.6430990981519025
    ],
    "pommel": [
      0.42129214946729887,
      0.40690331435840726
    ]
  },
  "lines": [
    {
      "start": "pommel",
      "end": "blade_tip",
      "width": 7,
      "color": [
        0,
        240,
        255
      ]
    }
  ],
  "arcs": [
    {
      "center": [
        0.52,
        0.48
      ],
      "radius": [
        0.26,
        0.24
      ],
      "start_degrees": -130,
      "end_degrees": 90,
      "width": 5,
      "color": [
        0,
        150,
        255
      ]
    }
  ]
}
