{
  "weapon": "sword",
  "frame_index": 74,
  "phase": "follow_through",
  "anchors": {
    "main_hand": [
      0.4376328428708378,
      0.451161282158511
    ],
    "blade_tip": [
      0.5718488779175877,
      0.7635489514675438
    ],
    "pommel": [
      0.41394766021552903,
      0.3960340463980934
    ]
  },
  "lines": [
    {
      "start": "pommel",
      "end": "blade_tip",
      "width": 7,
      "color": [
        0,
        240,
        255
      ]
    }
  ],
  "arcs": [
    {
      "center": [
        0.52,
        0.48
      ],
      "radius": [
        0.26,
        0.24
      ],
      "start_degrees": -130,
      "end_degrees": 90,
      "width": 5,
      "color": [
        0,
        150,
        255
      ]
    }
  ]
}
