{
  "weapon": "sword",
  "frame_index": 77,
  "phase": "follow_through",
  "anchors": {
    "main_hand": [
      0.42817844954477846,
      0.4558946145448297
    ],
    "blade_tip": [
      0.4976574061519178,
      0.788719905934747
    ],
    "pommel": [
      0.41591745720234213,
      0.3971607395936679
    ]
  },
  "lines": [
    {
      "start": "pommel",
      "end": "blade_tip",
      "width": 7,
      "color": [
        0,
        240,
        255
      ]
    }
  ],
  "arcs": [
    {
      "center": [
        0.52,
        0.48
      ],
      "radius": [
        0.26,
        0.24
      ],
      "start_degrees": -130,
      "end_degrees": 90,
      "width": 5,
      "color": [
        0,
        150,
        255
      ]
    }
  ]
}
