{
  "weapon": "sword",
  "frame_index": 56,
  "phase": "active",
  "anchors": {
    "main_hand": [
      0.5165374566034914,
      0.4406810760126439
    ],
    "blade_tip": [
      0.8563292288352334,
      0.4287835332574384
    ],
    "pommel": [
      0.4565742026802428,
      0.44278064238120957
    ]
  },
  "lines": [
    {
      "start": "pommel",
      "end": "blade_tip",
      "width": 7,
      "color": [
        0,
        240,
        255
      ]
    }
  ],
  "arcs": [
    {
      "center": [
        0.52,
        0.48
      ],
      "radius": [
        0.26,
        0.24
      ],
      "start_degrees": -130,
      "end_degrees": 90,
      "width": 5,
      "color": [
        0,
        150,
        255
      ]
    }
  ]
}
