{
  "weapon": "sword",
  "frame_index": 89,
  "phase": "follow_through",
  "anchors": {
    "main_hand": [
      0.41000784064948304,
      0.47947201656756966
    ],
    "blade_tip": [
      0.2196605729235533,
      0.7611951389222554
    ],
    "pommel": [
      0.4435985349540589,
      0.4297561714461545
    ]
  },
  "lines": [
    {
      "start": "pommel",
      "end": "blade_tip",
      "width": 7,
      "color": [
        0,
        240,
        255
      ]
    }
  ],
  "arcs": [
    {
      "center": [
        0.52,
        0.48
      ],
      "radius": [
        0.26,
        0.24
      ],
      "start_degrees": -130,
      "end_degrees": 90,
      "width": 5,
      "color": [
        0,
        150,
        255
      ]
    }
  ]
}
