{
  "weapon": "sword",
  "frame_index": 60,
  "phase": "active",
  "anchors": {
    "main_hand": [
      0.49762428154071475,
      0.44001393832524605
    ],
    "blade_tip": [
      0.8285412511422533,
      0.5180777534365665
    ],
    "pommel": [
      0.4392271692580903,
      0.4262379709526601
    ]
  },
  "lines": [
    {
      "start": "pommel",
      "end": "blade_tip",
      "width": 7,
      "color": [
        0,
        240,
        255
      ]
    }
  ],
  "arcs": [
    {
      "center": [
        0.52,
        0.48
      ],
      "radius": [
        0.26,
        0.24
      ],
      "start_degrees": -130,
      "end_degrees": 90,
      "width": 5,
      "color": [
        0,
        150,
        255
      ]
    }
  ]
}
