{
  "weapon": "sword",
  "frame_index": 62,
  "phase": "active",
  "anchors": {
    "main_hand": [
      0.48815449701535457,
      0.4403479726757681
    ],
    "blade_tip": [
      0.8057566793975933,
      0.5617104617159948
    ],
    "pommel": [
      0.43210705306554775,
      0.4189310628451398
    ]
  },
  "lines": [
    {
      "start": "pommel",
      "end": "blade_tip",
      "width": 7,
      "color": [
        0,
        240,
        255
      ]
    }
  ],
  "arcs": [
    {
      "center": [
        0.52,
        0.48
      ],
      "radius": [
        0.26,
        0.24
      ],
      "start_degrees": -130,
      "end_degrees": 90,
      "width": 5,
      "color": [
        0,
        150,
        255
      ]
    }
  ]
}
