{
  "weapon": "sword",
  "frame_index": 46,
  "phase": "active",
  "anchors": {
    "main_hand": [
      0.5588558028767271,
      0.44973860555713213
    ],
    "blade_tip": [
      0.8185370889585056,
      0.23027191182226608
    ],
    "pommel": [
      0.513029693568178,
      0.4884680220985791
    ]
  },
  "lines": [
    {
      "start": "pommel",
      "end": "blade_tip",
      "width": 7,
      "color": [
        0,
        240,
        255
      ]
    }
  ],
  "arcs": [
    {
      "center": [
        0.52,
        0.48
      ],
      "radius": [
        0.26,
        0.24
      ],
      "start_degrees": -130,
      "end_degrees": 90,
      "width": 5,
      "color": [
        0,
        150,
        255
      ]
    }
  ]
}
