{
  "weapon": "sword",
  "frame_index": 59,
  "phase": "active",
  "anchors": {
    "main_hand": [
      0.5023757184592853,
      0.44001393832524605
    ],
    "blade_tip": [
      0.8377579808246078,
      0.49585960145782915
    ],
    "pommel": [
      0.4431906133359931,
      0.430158821301849
    ]
  },
  "lines": [
    {
      "start": "pommel",
      "end": "blade_tip",
      "width": 7,
      "color": [
        0,
        240,
        255
      ]
    }
  ],
  "arcs": [
    {
      "center": [
        0.52,
        0.48
      ],
      "radius": [
        0.26,
        0.24
      ],
      "start_degrees": -130,
      "end_degrees": 90,
      "width": 5,
      "color": [
        0,
        150,
        255
      ]
    }
  ]
}
