{
  "weapon": "sword",
  "frame_index": 52,
  "phase": "active",
  "anchors": {
    "main_hand": [
      0.5347157124613802,
      0.44309553392265266
    ],
    "blade_tip": [
      0.8593622775208869,
      0.34207767512994497
    ],
    "pommel": [
      0.47742514215676135,
      0.46092221488607166
    ]
  },
  "lines": [
    {
      "start": "pommel",
      "end": "blade_tip",
      "width": 7,
      "color": [
        0,
        240,
        255
      ]
    }
  ],
  "arcs": [
    {
      "center": [
        0.52,
        0.48
      ],
      "radius": [
        0.26,
        0.24
      ],
      "start_degrees": -130,
      "end_degrees": 90,
      "width": 5,
      "color": [
        0,
        150,
        255
      ]
    }
  ]
}
