{
  "weapon": "sword",
  "frame_index": 83,
  "phase": "follow_through",
  "anchors": {
    "main_hand": [
      0.4148561665772425,
      0.4670383080659533
    ],
    "blade_tip": [
      0.34924256220891436,
      0.800647143263399
    ],
    "pommel": [
      0.42643503793635923,
      0.4081661606781688
    ]
  },
  "lines": [
    {
      "start": "pommel",
      "end": "blade_tip",
      "width": 7,
      "color": [
        0,
        240,
        255
      ]
    }
  ],
  "arcs": [
    {
      "center": [
        0.52,
        0.48
      ],
      "radius": [
        0.26,
        0.24
      ],
      "start_degrees": -130,
      "end_degrees": 90,
      "width": 5,
      "color": [
        0,
        150,
        255
      ]
    }
  ]
}
