{
  "weapon": "sword",
  "frame_index": 54,
  "phase": "active",
  "anchors": {
    "main_hand": [
      0.5257701364209901,
      0.44167481550357324
    ],
    "blade_tip": [
      0.8609643841315466,
      0.38471152643285594
    ],
    "pommel": [
      0.46661821035442136,
      0.45172716063369983
    ]
  },
  "lines": [
    {
      "start": "pommel",
      "end": "blade_tip",
      "width": 7,
      "color": [
        0,
        240,
        255
      ]
    }
  ],
  "arcs": [
    {
      "center": [
        0.52,
        0.48
      ],
      "radius": [
        0.26,
        0.24
      ],
      "start_degrees": -130,
      "end_degrees": 90,
      "width": 5,
      "color": [
        0,
        150,
        255
      ]
    }
  ]
}
