{
  "weapon": "sword",
  "frame_index": 92,
  "phase": "follow_through",
  "anchors": {
    "main_hand": [
      0.41094706669478426,
      0.4857875996813416
    ],
    "blade_tip": [
      0.21593107833542854,
      0.7642992947395988
    ],
    "pommel": [
      0.445361652875847,
      0.4366384770240021
    ]
  },
  "lines": [
    {
      "start": "pommel",
      "end": "blade_tip",
      "width": 7,
      "color": [
        0,
        240,
        255
      ]
    }
  ],
  "arcs": [
    {
      "center": [
        0.52,
        0.48
      ],
      "radius": [
        0.26,
        0.24
      ],
      "start_degrees": -130,
      "end_degrees": 90,
      "width": 5,
      "color": [
        0,
        150,
        255
      ]
    }
  ]
}
