{
  "weapon": "sword",
  "frame_index": 79,
  "phase": "follow_through",
  "anchors": {
    "main_hand": [
      0.4228617422532106,
      0.45939344852212416
    ],
    "blade_tip": [
      0.44747879246149125,
      0.7985011022827596
    ],
    "pommel": [
      0.41851755692233755,
      0.3995509213878944
    ]
  },
  "lines": [
    {
      "start": "pommel",
      "end": "blade_tip",
      "width": 7,
      "color": [
        0,
        240,
        255
      ]
    }
  ],
  "arcs": [
    {
      "center": [
        0.52,
        0.48
      ],
      "radius": [
        0.26,
        0.24
      ],
      "start_degrees": -130,
      "end_degrees": 90,
      "width": 5,
      "color": [
        0,
        150,
        255
      ]
    }
  ]
}
