{
  "weapon": "sword",
  "frame_index": 64,
  "phase": "active",
  "anchors": {
    "main_hand": [
      0.4788166826353242,
      0.4411237682427941
    ],
    "blade_tip": [
      0.7774662029824755,
      0.6036305803966742
    ],
    "pommel": [
      0.4261138261034739,
      0.4124460955097564
    ]
  },
  "lines": [
    {
      "start": "pommel",
      "end": "blade_tip",
      "width": 7,
      "color": [
        0,
        240,
        255
      ]
    }
  ],
  "arcs": [
    {
      "center": [
        0.52,
        0.48
      ],
      "radius": [
        0.26,
        0.24
      ],
      "start_degrees": -130,
      "end_degrees": 90,
      "width": 5,
      "color": [
        0,
        150,
        255
      ]
    }
  ]
}
