{
  "weapon": "sword",
  "frame_index": 57,
  "phase": "active",
  "anchors": {
    "main_hand": [
      0.5118455029846454,
      0.4403479726757681
    ],
    "blade_tip": [
      0.8516750458045671,
      0.4511128148391727
    ],
    "pommel": [
      0.45187558366348274,
      0.43844829464693197
    ]
  },
  "lines": [
    {
      "start": "pommel",
      "end": "blade_tip",
      "width": 7,
      "color": [
        0,
        240,
        255
      ]
    }
  ],
  "arcs": [
    {
      "center": [
        0.52,
        0.48
      ],
      "radius": [
        0.26,
        0.24
      ],
      "start_degrees": -130,
      "end_degrees": 90,
      "width": 5,
      "color": [
        0,
        150,
        255
      ]
    }
  ]
}
