{
  "weapon": "sword",
  "frame_index": 58,
  "phase": "active",
  "anchors": {
    "main_hand": [
      0.5071205338244082,
      0.44012538665091094
    ],
    "blade_tip": [
      0.8454780600746645,
      0.4735047879308494
    ],
    "pommel": [
      0.44741038213318657,
      0.4342349040720983
    ]
  },
  "lines": [
    {
      "start": "pommel",
      "end": "blade_tip",
      "width": 7,
      "color": [
        0,
        240,
        255
      ]
    }
  ],
  "arcs": [
    {
      "center": [
        0.52,
        0.48
      ],
      "radius": [
        0.26,
        0.24
      ],
      "start_degrees": -130,
      "end_degrees": 90,
      "width": 5,
      "color": [
        0,
        150,
        255
      ]
    }
  ]
}
