{
  "weapon": "sword",
  "frame_index": 76,
  "phase": "follow_through",
  "anchors": {
    "main_hand": [
      0.4311409220076823,
      0.45424358211376337
    ],
    "blade_tip": [
      0.5226374076547344,
      0.7817010497553469
    ],
    "pommel": [
      0.41499448336408484,
      0.3964569701770133
    ]
  },
  "lines": [
    {
      "start": "pommel",
      "end": "blade_tip",
      "width": 7,
      "color": [
        0,
        240,
        255
      ]
    }
  ],
  "arcs": [
    {
      "center": [
        0.52,
        0.48
      ],
      "radius": [
        0.26,
        0.24
      ],
      "start_degrees": -130,
      "end_degrees": 90,
      "width": 5,
      "color": [
        0,
        150,
        255
      ]
    }
  ]
}
