{
  "weapon": "sword",
  "frame_index": 81,
  "phase": "follow_through",
  "anchors": {
    "main_hand": [
      0.4184044283616969,
      0.4631218590397145
    ],
    "blade_tip": [
      0.39772258572988206,
      0.8024922487105767
    ],
    "pommel": [
      0.422054165296723,
      0.4032329667448564
    ]
  },
  "lines": [
    {
      "start": "pommel",
      "end": "blade_tip",
      "width": 7,
      "color": [
        0,
        240,
        255
      ]
    }
  ],
  "arcs": [
    {
      "center": [
        0.52,
        0.48
      ],
      "radius": [
        0.26,
        0.24
      ],
      "start_degrees": -130,
      "end_degrees": 90,
      "width": 5,
      "color": [
        0,
        150,
        255
      ]
    }
  ]
}
