{
  "weapon": "sword",
  "frame_index": 50,
  "phase": "active",
  "anchors": {
    "main_hand": [
      0.5432745225176924,
      0.44492740311834805
    ],
    "blade_tip": [
      0.8516104826456653,
      0.30164818029814605
    ],
    "pommel": [
      0.4888622942598148,
      0.47021197185132485
    ]
  },
  "lines": [
    {
      "start": "pommel",
      "end": "blade_tip",
      "width": 7,
      "color": [
        0,
        240,
        255
      ]
    }
  ],
  "arcs": [
    {
      "center": [
        0.52,
        0.48
      ],
      "radius": [
        0.26,
        0.24
      ],
      "start_degrees": -130,
      "end_degrees": 90,
      "width": 5,
      "color": [
        0,
        150,
        255
      ]
    }
  ]
}
