{
  "weapon": "sword",
  "frame_index": 70,
  "phase": "follow_through",
  "anchors": {
    "main_hand": [
      0.452621105341038,
      0.4459913145708154
    ],
    "blade_tip": [
      0.6644126447961424,
      0.7119694035466501
    ],
    "pommel": [
      0.41524612779013725,
      0.3990540047515505
    ]
  },
  "lines": [
    {
      "start": "pommel",
      "end": "blade_tip",
      "width": 7,
      "color": [
        0,
        240,
        255
      ]
    }
  ],
  "arcs": [
    {
      "center": [
        0.52,
        0.48
      ],
      "radius": [
        0.26,
        0.24
      ],
      "start_degrees": -130,
      "end_degrees": 90,
      "width": 5,
      "color": [
        0,
        150,
        255
      ]
    }
  ]
}
