{
  "weapon": "sword",
  "frame_index": 86,
  "phase": "follow_through",
  "anchors": {
    "main_hand": [
      0.41132184059844523,
      0.4731696531165225
    ],
    "blade_tip": [
      0.2807384426869437,
      0.7870931727672273
    ],
    "pommel": [
      0.43436596964165136,
      0.4177713849428687
    ]
  },
  "lines": [
    {
      "start": "pommel",
      "end": "blade_tip",
      "width": 7,
      "color": [
        0,
        240,
        255
      ]
    }
  ],
  "arcs": [
    {
      "center": [
        0.52,
        0.48
      ],
      "radius": [
        0.26,
        0.24
      ],
      "start_degrees": -130,
      "end_degrees": 90,
      "width": 5,
      "color": [
        0,
        150,
        255
      ]
    }
  ]
}
