{
  "weapon": "sword",
  "frame_index": 91,
  "phase": "follow_through",
  "anchors": {
    "main_hand": [
      0.4103839241334469,
      0.48369073437853205
    ],
    "blade_tip": [
      0.21536793577409116,
      0.7622024294367893
    ],
    "pommel": [
      0.4447985103145096,
      0.43454161172119254
    ]
  },
  "lines": [
    {
      "start": "pommel",
      "end": "blade_tip",
      "width": 7,
      "color": [
        0,
        240,
        255
      ]
    }
  ],
  "arcs": [
    {
      "center": [
        0.52,
        0.48
      ],
      "radius": [
        0.26,
        0.24
      ],
      "start_degrees": -130,
      "end_degrees": 90,
      "width": 5,
      "color": [
        0,
        150,
        255
      ]
    }
  ]
}
