{
  "weapon": "sword",
  "frame_index": 68,
  "phase": "active",
  "anchors": {
    "main_hand": [
      0.46095046347941976,
      0.44396124528390324
    ],
    "blade_tip": [
      0.7062208862261499,
      0.6794233860319231
    ],
    "pommel": [
      0.41766744770058506,
      0.4024091027989586
    ]
  },
  "lines": [
    {
      "start": "pommel",
      "end": "blade_tip",
      "width": 7,
      "color": [
        0,
        240,
        255
      ]
    }
  ],
  "arcs": [
    {
      "center": [
        0.52,
        0.48
      ],
      "radius": [
        0.26,
        0.24
      ],
      "start_degrees": -130,
      "end_degrees": 90,
      "width": 5,
      "color": [
        0,
        150,
        255
      ]
    }
  ]
}
