{
  "weapon": "sword",
  "frame_index": 61,
  "phase": "active",
  "anchors": {
    "main_hand": [
      0.4928794661755918,
      0.44012538665091094
    ],
    "blade_tip": [
      0.8178609524381786,
      0.5400605335540906
    ],
    "pommel": [
      0.43552979212925297,
      0.4224897724915263
    ]
  },
  "lines": [
    {
      "start": "pommel",
      "end": "blade_tip",
      "width": 7,
      "color": [
        0,
        240,
        255
      ]
    }
  ],
  "arcs": [
    {
      "center": [
        0.52,
        0.48
      ],
      "radius": [
        0.26,
        0.24
      ],
      "start_degrees": -130,
      "end_degrees": 90,
      "width": 5,
      "color": [
        0,
        150,
        255
      ]
    }
  ]
}
