{
  "weapon": "sword",
  "frame_index": 67,
  "phase": "active",
  "anchors": {
    "main_hand": [
      0.46528428753861983,
      0.44309553392265266
    ],
    "blade_tip": [
      0.7256956835350391,
      0.6616954077451143
    ],
    "pommel": [
      0.4193293353039576,
      0.4045190856010418
    ]
  },
  "lines": [
    {
      "start": "pommel",
      "end": "blade_tip",
      "width": 7,
      "color": [
        0,
        240,
        255
      ]
    }
  ],
  "arcs": [
    {
      "center": [
        0.52,
        0.48
      ],
      "radius": [
        0.26,
        0.24
      ],
      "start_degrees": -130,
      "end_degrees": 90,
      "width": 5,
      "color": [
        0,
        150,
        255
      ]
    }
  ]
}
